NombreTitulo;NombreCurso;Asignatura
T.S. Desarrollo Aplicaciones Multiplataforma;1º D.A.M.;Base de Datos
T.S. Desarrollo Aplicaciones Multiplataforma;1º D.A.M.;Programación
T.S. Desarrollo Aplicaciones Multiplataforma;1º D.A.M.;Lenguaje de Marcas
T.S. Desarrollo Aplicaciones Multiplataforma;1º D.A.M.;Sistemas Informáticos
T.S. Desarrollo Aplicaciones Multiplataforma;1º D.A.M.;Formación y Orientación Personal
T.S. Desarrollo Aplicaciones Multiplataforma;1º D.A.M.;Formación y Orientación Laboral
T.S. Desarrollo Aplicaciones Multiplataforma;1º D.A.M.;Entornos de Desarrollos
T.S. Desarrollo Aplicaciones Multiplataforma;2º D.A.M.;Programación de Procesos y Servicios
T.S. Desarrollo Aplicaciones Multiplataforma;2º D.A.M.;Acceso a Datos
T.S. Desarrollo Aplicaciones Multiplataforma;2º D.A.M.;Programación Multimedia y Dispositivos Móviles
T.S. Desarrollo Aplicaciones Multiplataforma;2º D.A.M.;Desarrollo de Interfaces
T.S. Desarrollo Aplicaciones Multiplataforma;2º D.A.M.;Formación y Orientación Personal
T.S. Desarrollo Aplicaciones Multiplataforma;2º D.A.M.;Empresa e Iniciativa Emprendedora
T.S. Desarrollo Aplicaciones Multiplataforma;2º D.A.M.;Inglés
T.S. Desarrollo Aplicaciones Multiplataforma;2º D.A.M.;Sistemas de Gestión Empresarial
T.S. Administración y Finanzas;1º AyF;Gestión de la documentación jurídica y empresarial
T.S. Administración y Finanzas;1º AyF;Recursos humanos y responsabilidad social corporativa
T.S. Administración y Finanzas;1º AyF;Ofimática y proceso de la información
T.S. Administración y Finanzas;1º AyF;Proceso integral de la actividad comercial
T.S. Administración y Finanzas;1º AyF;Comunicación y atención al cliente
T.S. Administración y Finanzas;1º AyF;Inglés
T.S. Administración y Finanzas;1º AyF;Formación y Orientación Laboral
T.S. Administración y Finanzas;2º AyF;Gestión de recursos humanos
T.S. Administración y Finanzas;2º AyF;Gestión financiera
T.S. Administración y Finanzas;2º AyF;Contabilidad y fiscalidad
T.S. Administración y Finanzas;2º AyF;Gestión logística y comercial
T.S. Administración y Finanzas;2º AyF;Simulación empresarial
T.S. Administración y Finanzas;2º AyF;Libre configuración
